observation_date,confirmation_date,run_id,data_status,variant,map,airport,test_type,field_elevation_ft,pressure_altitude_ft,pressure_altitude_basis,oat_c,qnh_inhg,weight_lb,flaps,loadout,rpm_pct,fuel_flow_left_pph,fuel_flow_right_pph,thrust_mode,notes
,2025-09-21,BAT-STD-STATIC-71,USER_CONFIRMED_DCS,F-14B,Caucasus,Batumi,STATIC_ENGINE_SWEEP,39,39,STANDARD_29.92,15,,,,,71,1200,1200,IDLE,"Personally measured in DCS; SFP standard fuel."
,2025-09-21,BAT-STD-STATIC-80,USER_CONFIRMED_DCS,F-14B,Caucasus,Batumi,STATIC_ENGINE_SWEEP,39,39,STANDARD_29.92,15,,,,,80,2500,2500,REDUCED_DRY,"Personally measured in DCS; SFP standard fuel."
,2025-09-21,BAT-STD-STATIC-85,USER_CONFIRMED_DCS,F-14B,Caucasus,Batumi,STATIC_ENGINE_SWEEP,39,39,STANDARD_29.92,15,,,,,85,3400,3400,REDUCED_DRY,"Personally measured in DCS; SFP standard fuel."
,2025-09-21,BAT-STD-STATIC-90,USER_CONFIRMED_DCS,F-14B,Caucasus,Batumi,STATIC_ENGINE_SWEEP,39,39,STANDARD_29.92,15,,,,,90,4800,4800,REDUCED_DRY,"Personally measured in DCS; SFP standard fuel."
,2025-09-21,BAT-STD-STATIC-95,USER_CONFIRMED_DCS,F-14B,Caucasus,Batumi,STATIC_ENGINE_SWEEP,39,39,STANDARD_29.92,15,,,,,95,7000,7000,REDUCED_DRY,"Personally measured in DCS; SFP standard fuel."
,2025-09-21,BAT-STD-STATIC-99,USER_CONFIRMED_DCS,F-14B,Caucasus,Batumi,STATIC_ENGINE_SWEEP,39,39,STANDARD_29.92,15,,,,,99,10000,10000,MILITARY,"Personally measured in DCS; observed MIL EIG RPM was approximately 99%."
2026-08-16,2026-08-16,HND35L-62000-UP-3.0,USER_REPORTED_DCS,F-14B(U),Nevada,Henderson Executive,STATIC_THRUST_BEFORE_TAKEOFF,2492,2492,ASSUMED_QNH_29.92_FOR_MODEL,40,,62000,UP,"2 external tanks + 2 AIM-9",95,5000,5000,REDUCED_DRY,"Pressure altitude is a model assumption because QNH was not reported."
2026-08-16,2026-08-16,HND35L-62000-UP-5.0,USER_REPORTED_DCS,F-14B(U),Nevada,Henderson Executive,STATIC_THRUST_BEFORE_TAKEOFF,2492,2492,ASSUMED_QNH_29.92_FOR_MODEL,40,,62000,UP,"2 external tanks + 2 AIM-9",98,6000,6000,REDUCED_DRY,"Pressure altitude is a model assumption because QNH was not reported."
2026-08-16,2026-08-16,HND35L-62000-MAN-6.5,USER_REPORTED_DCS,F-14B(U),Nevada,Henderson Executive,STATIC_THRUST_BEFORE_TAKEOFF,2492,2492,ASSUMED_QNH_29.92_FOR_MODEL,40,,62000,MANEUVER,"2 external tanks + 2 AIM-9",95,5500,5500,REDUCED_DRY,"Pressure altitude is a model assumption because QNH was not reported."
